<?xml version="1.0" encoding="UTF-8"?>
<metadata xml:lang="en"><Esri><CreaDate>20180407</CreaDate><CreaTime>21540500</CreaTime><ArcGISFormat>1.0</ArcGISFormat><SyncOnce>TRUE</SyncOnce><DataProperties><lineage><Process Name="Extract by Mask" ToolSource="c:\program files (x86)\arcgis\desktop10.6\ArcToolbox\Toolboxes\Spatial Analyst Tools.tbx\ExtractByMask" Date="20180407" Time="215405">ExtractByMask "E:\2017 Fall\PP275\Final Project\Data\Bay_flood\box_clip\2080_2100_RCP85_bay_MIROC5_prec999_max.tif" land_mask_box "E:\2017 Fall\PP275\Final Project\Data\Bay_flood\land_flood\2080_2100_RCP85_bay_MIROC5_prec999_max.tif"</Process></lineage></DataProperties></Esri></metadata>
